1789066540.194923906,2190, 14.73, 0
1789066542.252394140,2190, 33.85, 96
1789066544.295133555,2190, 24.90, 96
1789066546.326807827,2190, 28.61, 96
1789066548.372909434,2190, 34.90, 96
1789066550.431379978,2190, 11.01, 0
1789066552.468292673,2190, 31.53, 96
1789066554.515766036,2190, 32.09, 96
1789066556.556108522,2190, 11.69, 0
1789066558.591266226,2190, 29.97, 96
1789066560.648635558,2190, 33.26, 96
1789066562.685161521,2190, 20.52, 96
1789066564.717605419,2190, 35.60, 96
1789066566.774403006,2190, 23.38, 0
1789066568.808931482,2190, 28.02, 96
1789066570.852848628,2190, 36.15, 96
1789066572.904320765,2190, 15.64, 0
1789066574.940685109,2190, 33.40, 96
1789066576.997768044,2190, 34.74, 96
1789066579.061153108,2190, 10.96, 0
1789066581.092430130,2190, 34.41, 96
1789066583.145663933,2190, 36.20, 96
1789066585.205888360,2190, 11.66, 47
1789066587.237892805,2190, 33.61, 96
1789066589.297514902,2190, 36.18, 96
1789066591.354501749,2190, 28.52, 96
1789066593.407066453,2190, 10.84, 0
1789066595.439198908,2190, 10.66, 0
1789066597.476452021,2190, 10.52, 0
1789066599.511368782,2190, 10.38, 0
1789066601.542541654,2190, 10.34, 0
1789066603.574836598,2190, 10.32, 0
1789066605.605985812,2190, 10.30, 0
1789066607.638818441,2190, 10.20, 0
1789066609.676137636,2190, 10.21, 0
1789066611.711650476,2190, 10.14, 0
1789066613.742711268,2190, 10.07, 0
1789066615.777238563,2190, 10.06, 0
1789066617.812805691,2190, 10.02, 0
1789066619.861872443,2190, 10.03, 0
1789066621.904019726,2190, 10.03, 0
1789066623.938380361,2190, 10.00, 0
1789066625.971533216,2190, 9.99, 0
1789066628.006635055,2190, 9.96, 0
1789066630.047394784,2190, 9.87, 0
1789066632.078047132,2190, 9.92, 0
1789066634.108099268,2197, 9.94, 0
1789066636.137828855,2190, 9.88, 0
1789066638.167987300,2190, 9.86, 0
1789066640.198932572,2190, 9.79, 0
1789066642.233559961,2190, 9.77, 0
1789066644.265197285,2190, 9.77, 0
1789066646.295271472,2190, 9.76, 0
1789066648.330149471,2190, 9.75, 0
1789066650.363985675,2190, 9.74, 0
1789066652.399558960,2190, 9.76, 0
1789066654.433626080,2190, 9.79, 0
1789066656.464398674,2190, 9.65, 0
1789066658.493886928,2197, 9.69, 0
1789066660.524391257,2190, 9.69, 0
1789066662.554861867,2197, 9.62, 0
1789066664.585232330,2190, 9.62, 0
1789066666.620063533,2190, 9.56, 0
1789066668.652150832,2190, 9.58, 0
1789066670.683456318,2190, 9.62, 0
1789066672.715587592,2190, 9.58, 0
1789066674.746418541,2190, 9.56, 0
1789066676.780257595,2190, 9.59, 0
1789066678.812004727,2190, 9.59, 0
1789066680.844025612,2190, 9.52, 0
1789066682.878621258,2190, 9.49, 0
1789066684.911013447,2190, 9.43, 0
1789066686.942040001,2190, 9.48, 0
1789066688.973112839,2190, 9.43, 0
1789066691.004917240,2190, 9.40, 0
1789066693.034988006,2190, 9.43, 0
1789066695.066767822,2190, 9.44, 0
1789066697.099403263,2190, 9.40, 0
1789066699.131305405,2190, 9.40, 0
1789066701.163028439,2190, 9.41, 0
1789066703.199011975,2190, 9.49, 0
1789066705.234899537,2190, 9.43, 0
1789066707.269306218,2190, 9.43, 0
1789066709.304419391,2190, 9.39, 0
1789066711.335461925,2190, 9.35, 0
1789066713.366762422,2190, 9.34, 0
1789066715.397077876,2190, 9.38, 0
1789066717.427592446,2190, 9.36, 0
1789066719.458424803,2190, 9.37, 0
1789066721.490947954,2197, 9.34, 0
1789066723.528015398,2190, 9.29, 0
1789066725.563257687,2190, 9.36, 0
1789066727.598449988,2190, 9.31, 0
1789066729.630447139,2190, 9.35, 0
1789066731.661264303,2190, 9.31, 0
1789066733.692681574,2190, 9.33, 0
1789066735.724121402,2190, 9.30, 0
1789066737.755409529,2190, 9.31, 0
1789066739.786629014,2190, 9.32, 0
1789066741.817746861,2190, 9.30, 0
1789066743.853608874,2190, 9.26, 0
1789066745.914708394,2190, 9.37, 0
1789066747.945389254,2190, 9.30, 0
1789066749.979263595,2190, 9.35, 0
1789066752.016553814,2190, 9.31, 0
1789066754.052740525,2190, 9.30, 0
1789066756.084470792,2190, 9.41, 0
1789066758.115798688,2190, 9.33, 0
1789066760.147769666,2190, 9.34, 0
1789066762.178972547,2190, 9.36, 0
1789066764.210671629,2190, 9.34, 0
1789066766.241434294,2190, 9.29, 0
1789066768.273362041,2190, 9.29, 0
1789066770.309963728,2190, 9.32, 0
1789066772.340551245,2190, 9.32, 0
1789066774.372356501,2190, 9.30, 0
1789066776.408254755,2190, 9.34, 0
1789066778.438575557,2190, 9.30, 0
1789066780.469918387,2197, 9.34, 0
1789066782.500473742,2197, 9.26, 0
1789066784.531412947,2190, 9.31, 0
1789066786.562779461,2190, 9.28, 0
1789066788.594099507,2190, 9.28, 0
1789066790.626636284,2190, 9.28, 0
1789066792.659067649,2190, 9.28, 0
1789066794.691439555,2190, 9.29, 0
1789066796.723366097,2190, 9.35, 0
1789066798.755421676,2197, 9.25, 0
1789066800.789389826,2190, 9.26, 0
1789066802.820511671,2190, 9.23, 0
1789066804.853692933,2190, 9.19, 0
1789066806.885704162,2190, 9.18, 0
1789066808.916353375,2190, 9.20, 0
1789066810.948941635,2190, 9.22, 0
1789066812.981769973,2190, 9.14, 0
1789066815.013399427,2190, 9.18, 0
1789066817.045233502,2190, 9.19, 0
1789066819.075708871,2190, 9.15, 0
1789066821.111089414,2190, 9.96, 0
1789066823.147763007,2190, 10.23, 0
1789066825.179674844,2190, 10.34, 0
1789066827.216138335,2190, 10.28, 0
1789066829.246867351,2190, 10.34, 0
1789066831.283505826,2190, 10.29, 0
1789066833.320104010,2190, 9.93, 0
1789066835.353034437,2190, 9.93, 0
1789066837.382914673,2190, 10.06, 0
1789066839.413777145,2190, 10.06, 0
1789066841.445838299,2190, 10.16, 0
1789066843.475040622,2190, 9.24, 0
1789066845.509852565,2190, 9.31, 0
1789066847.543762618,2190, 9.38, 0
1789066849.577414652,2197, 9.30, 0
1789066851.608051376,2190, 9.38, 0
1789066853.692231128,2190, 9.36, 0
1789066855.724222403,2190, 9.27, 0
1789066857.758940694,2197, 9.31, 0
1789066859.793563863,2197, 9.44, 0
1789066861.823825563,2190, 9.34, 0
1789066863.854976442,2190, 9.25, 0
1789066865.894044442,2190, 9.30, 0
1789066867.950311385,2190, 9.25, 0
1789066869.982567645,2190, 9.24, 0
1789066872.016174396,2190, 9.24, 0
1789066874.044905488,2190, 9.18, 0
1789066876.073263185,2190, 10.10, 0
1789066878.107267014,2197, 10.08, 0
1789066880.140926120,2190, 10.17, 0
1789066882.174932855,2190, 10.19, 0
1789066884.210178657,2190, 10.19, 0
1789066886.244815672,2190, 9.59, 0
1789066888.277436784,2190, 9.09, 0
1789066890.307723368,2190, 9.13, 0
1789066892.344582995,2190, 9.10, 0
1789066894.379381822,2197, 9.08, 0
1789066896.414508613,2190, 9.09, 0
1789066898.450282087,2190, 9.07, 0
1789066900.481269713,2190, 9.12, 0
1789066902.512050199,2190, 9.12, 0
1789066904.542955528,2197, 9.09, 0
1789066906.573138170,2190, 9.10, 0
1789066908.604406534,2190, 9.11, 0
1789066910.635788079,2190, 9.11, 0
1789066912.665856311,2190, 9.12, 0
1789066914.699812983,2197, 9.10, 0
1789066916.731027704,2190, 9.07, 0
1789066918.761411368,2197, 9.98, 0
1789066920.793747250,2190, 10.10, 0
1789066922.830489409,2190, 10.10, 0
1789066924.862001478,2197, 10.11, 0
1789066926.897995664,2197, 10.08, 0
1789066928.932597883,2190, 9.25, 0
1789066930.968382976,2190, 9.04, 0
1789066933.000023097,2190, 9.03, 0
1789066935.030606146,2197, 9.05, 0
1789066937.062348262,2190, 9.02, 0
1789066939.094249751,2190, 9.03, 0
1789066941.124551272,2190, 9.04, 0
1789066943.156498099,2190, 9.07, 0
1789066945.188468940,2190, 8.97, 0
1789066947.223497389,2190, 9.02, 0
1789066949.252978116,2190, 8.98, 0
1789066951.284919028,2190, 8.95, 0
1789066953.319584974,2190, 8.92, 0
1789066955.354942708,2190, 8.94, 0
1789066957.388399130,2190, 8.92, 0
1789066959.419992337,2190, 9.01, 0
1789066961.449709753,2190, 10.00, 0
1789066963.480325084,2197, 9.99, 0
1789066965.517140274,2190, 10.10, 0
1789066967.551777176,2190, 10.04, 0
1789066969.587791690,2197, 10.06, 0
1789066971.620389775,2190, 9.10, 0
1789066973.655147758,2190, 9.01, 0
1789066975.691224600,2190, 9.04, 0
1789066977.721988711,2190, 9.02, 0
1789066979.753459653,2190, 8.94, 0
1789066981.785175056,2190, 8.97, 0
1789066983.816325753,2190, 8.98, 0
1789066985.847062160,2190, 9.00, 0
1789066987.878810371,2190, 9.00, 0
1789066989.931701519,2190, 9.09, 0
1789066991.965770472,2190, 9.09, 0
1789066993.995176471,2190, 9.05, 0
1789066996.029392140,2190, 9.12, 0
1789066998.058596583,2190, 9.01, 0
1789067000.088418143,2190, 9.02, 0
1789067002.122540300,2190, 9.00, 0
1789067004.156097560,2190, 10.03, 0
1789067006.185470585,2190, 10.08, 0
1789067008.220782940,2190, 10.07, 0
1789067010.253004515,2190, 10.04, 0
1789067012.283224842,2190, 10.02, 0
1789067014.314003199,2197, 9.03, 0
1789067016.344537858,2190, 8.98, 0
1789067018.374104788,2190, 9.01, 0
1789067020.404750673,2190, 9.05, 0
1789067022.438374504,2197, 9.01, 0
1789067024.471278301,2197, 8.98, 0
1789067026.505302269,2190, 8.93, 0
1789067028.538600493,2190, 8.93, 0
1789067030.569879006,2190, 8.92, 0
1789067032.601579643,2190, 8.93, 0
1789067034.633006984,2190, 8.95, 0
1789067036.664886224,2190, 9.00, 0
1789067038.694336507,2190, 8.94, 0
1789067040.725148465,2190, 8.96, 0
1789067042.756738453,2190, 8.93, 0
1789067044.787412790,2190, 8.91, 0
1789067046.817281015,2190, 9.99, 0
1789067048.850419296,2197, 10.03, 0
1789067050.886192642,2190, 10.02, 0
1789067052.919209527,2190, 9.98, 0
1789067054.953511112,2190, 10.04, 0
1789067056.988538309,2190, 8.95, 0
1789067059.022220498,2190, 8.88, 0
1789067061.055168479,2190, 8.88, 0
1789067063.085767148,2190, 8.90, 0
1789067065.117561574,2190, 8.89, 0
1789067067.151244186,2190, 8.96, 0
1789067069.185785947,2190, 8.88, 0
1789067071.218685868,2190, 8.87, 0
1789067073.249909951,2190, 8.93, 0
1789067075.280759408,2190, 8.83, 0
1789067077.312598957,2190, 8.84, 0
1789067079.341864221,2190, 8.92, 0
1789067081.374054389,2190, 8.90, 0
1789067083.404177822,2190, 8.88, 0
1789067085.438625902,2197, 8.96, 0
1789067087.472745964,2190, 8.93, 0
1789067089.505555196,2190, 10.07, 0
1789067091.538054825,2197, 10.04, 0
1789067093.569119751,2190, 10.03, 0
1789067095.601448129,2197, 9.97, 0
1789067097.631594893,2190, 10.03, 0
1789067099.662415830,2190, 8.96, 0
1789067101.697012901,2190, 8.97, 0
1789067103.731358931,2190, 8.91, 0
1789067105.762104885,2190, 8.91, 0
1789067107.793638148,2190, 8.93, 0
1789067109.824584034,2190, 8.97, 0
1789067111.856316895,2190, 9.07, 0
1789067113.885567676,2190, 8.97, 0
1789067115.924650422,2197, 8.95, 0
1789067117.958306695,2190, 8.94, 0
1789067119.987986990,2190, 8.94, 0
1789067122.017297379,2190, 8.96, 0
1789067124.046803703,2190, 8.97, 0
1789067126.075978697,2190, 9.02, 0
1789067128.106730631,2190, 9.02, 0
1789067130.140124188,2190, 9.00, 0
1789067132.172731426,2190, 9.97, 0
1789067134.207024836,2190, 10.03, 0
1789067136.240046677,2190, 10.09, 0
1789067138.275493889,2190, 10.12, 0
1789067140.308047728,2190, 10.08, 0
1789067142.338684896,2190, 9.08, 0
1789067144.368804398,2190, 9.08, 0
1789067146.400707081,2190, 9.03, 0
1789067148.431433732,2190, 9.02, 0
1789067150.462894828,2190, 8.96, 0
1789067152.492633716,2190, 9.04, 0
1789067154.522556554,2190, 9.08, 0
1789067156.554207980,2190, 8.99, 0
1789067158.584553551,2190, 9.01, 0
1789067160.615464798,2190, 9.01, 0
1789067162.646396924,2190, 9.00, 0
1789067164.677392408,2190, 9.02, 0
1789067166.708662786,2190, 9.02, 0
1789067168.740025643,2190, 9.01, 0
1789067170.777002519,2190, 9.02, 0
1789067172.805609391,2190, 9.04, 0
1789067174.841288906,2190, 10.06, 0
1789067176.872302156,2190, 10.07, 0
1789067178.904296282,2190, 10.12, 0
1789067180.936116054,2190, 10.06, 0
1789067182.977608543,2190, 10.06, 0
1789067185.012152068,2190, 8.96, 0
1789067187.044253275,2190, 8.90, 0
1789067189.075289650,2190, 8.88, 0
1789067191.105759034,2190, 8.89, 0
1789067193.138712571,2197, 8.92, 0
1789067195.168125760,2190, 8.93, 0
1789067197.198775233,2190, 8.90, 0
1789067199.231683020,2190, 8.88, 0
1789067201.264304086,2190, 8.96, 0
1789067203.295704912,2190, 8.94, 0
1789067205.326436586,2190, 8.97, 0
1789067207.358165507,2190, 12.04, 31
1789067209.412879405,2190, 21.33, 89
1789067211.469814274,2190, 21.44, 86
1789067213.522679549,2190, 21.33, 87
1789067215.568457171,2190, 20.11, 86
1789067217.615093367,2190, 16.49, 81
1789067219.661351434,2190, 16.39, 82
1789067221.693356518,2190, 16.57, 89
1789067223.743268868,2190, 16.65, 95
1789067225.785369920,2190, 16.59, 89
1789067227.829339924,2190, 16.59, 88
1789067229.861458428,2190, 16.53, 90
1789067231.894385296,2190, 16.97, 90
1789067233.940297752,2190, 16.25, 96
1789067235.987296780,2190, 16.62, 84
1789067238.037571192,2190, 16.43, 87
1789067240.079077540,2190, 16.19, 93
1789067242.118392498,2190, 16.72, 84
1789067244.157982509,2190, 16.96, 93
1789067246.201327617,2190, 21.90, 87
1789067248.261946354,2190, 22.06, 93
1789067250.314526897,2190, 21.76, 91
1789067252.362994102,2190, 22.38, 89
1789067254.413755413,2190, 22.39, 93
1789067256.462341591,2190, 22.49, 89
1789067258.526768442,2190, 22.52, 92
1789067260.579866960,2190, 22.29, 87
1789067262.634135443,2190, 22.59, 93
1789067264.689124835,2190, 22.66, 93
1789067266.739528362,2190, 22.63, 92
1789067268.795652564,2190, 22.10, 83
1789067270.843244190,2190, 22.05, 94
1789067272.899807285,2190, 22.08, 93
1789067274.954992093,2190, 22.80, 93
1789067277.005572236,2190, 22.60, 92
1789067279.056808745,2190, 17.68, 96
1789067281.098350038,2190, 17.49, 92
1789067283.138105814,2190, 17.27, 95
1789067285.173800524,2190, 17.33, 93
1789067287.212963946,2190, 17.59, 94
1789067289.254746113,2190, 17.53, 95
1789067291.301267454,2190, 17.40, 91
1789067293.342797507,2190, 17.76, 92
1789067295.383510697,2190, 17.77, 96
1789067297.429734162,2190, 17.64, 93
1789067299.467805306,2190, 17.43, 96
1789067301.506663103,2190, 17.43, 93
1789067303.548276029,2190, 17.36, 94
1789067305.586957007,2190, 17.29, 96
1789067307.625920063,2190, 17.49, 94
1789067309.663083154,2190, 19.06, 92
1789067311.718179217,2190, 22.69, 89
1789067313.770294469,2190, 22.68, 89
1789067315.824831618,2190, 22.95, 94
1789067317.882838968,2190, 20.10, 92
1789067319.935004919,2190, 22.83, 91
1789067322.032304927,2190, 22.33, 82
1789067324.092215085,2190, 22.89, 93
1789067326.142823339,2190, 22.76, 91
1789067328.192110027,2190, 22.89, 89
1789067330.241947896,2190, 23.01, 90
1789067332.297087610,2190, 22.82, 90
1789067334.353838647,2190, 22.65, 93
1789067336.414584283,2190, 22.74, 89
1789067338.463486469,2190, 22.96, 91
1789067340.519520608,2190, 22.80, 93
1789067342.576030457,2190, 18.85, 94
1789067344.613785188,2190, 17.77, 90
1789067346.647442198,2190, 17.68, 91
1789067348.684775711,2190, 17.54, 89
1789067350.726131808,2190, 18.08, 94
1789067352.765009284,2190, 18.07, 93
1789067354.813859764,2190, 17.94, 93
1789067356.853090613,2190, 17.42, 95
1789067358.885787617,2190, 17.28, 95
1789067360.927076460,2190, 17.66, 92
1789067362.971177952,2190, 17.74, 92
1789067365.016461056,2190, 18.02, 94
1789067367.053711231,2190, 18.07, 94
1789067369.098580558,2190, 17.70, 95
1789067371.139291700,2190, 17.60, 94
1789067373.175958352,2190, 17.80, 94
1789067375.213317690,2190, 22.81, 88
1789067377.271386731,2190, 23.10, 90
1789067379.330363369,2190, 23.12, 89
1789067381.390527811,2190, 23.30, 91
1789067383.452175049,2190, 22.77, 92
1789067385.513410575,2190, 22.93, 91
1789067387.574870580,2190, 23.02, 92
1789067389.632338207,2190, 23.19, 91
1789067391.686788574,2190, 23.28, 91
1789067393.745158773,2190, 23.18, 90
1789067395.798200261,2190, 23.15, 91
1789067397.858275974,2190, 23.39, 91
1789067399.912996097,2190, 23.20, 91
1789067401.964244097,2190, 23.25, 93
1789067404.040438527,2190, 23.04, 93
1789067406.096785299,2190, 21.75, 93
1789067408.135979031,2190, 18.17, 93
1789067410.172079616,2190, 17.87, 96
1789067412.210702099,2190, 17.83, 96
1789067414.242554161,2190, 17.62, 94
1789067416.277171513,2190, 17.79, 93
1789067418.318629923,2190, 17.62, 96
1789067420.350964494,2190, 17.86, 92
1789067422.382607465,2190, 18.06, 94
1789067424.422647010,2190, 17.94, 93
1789067426.462404107,2190, 18.32, 93
1789067428.496262063,2190, 17.78, 92
1789067430.534812840,2190, 17.83, 92
1789067432.567427067,2190, 17.98, 93
1789067434.603866791,2190, 18.52, 93
1789067436.634395980,2190, 17.58, 94
1789067438.675282861,2190, 21.77, 89
1789067440.727190215,2190, 23.20, 89
1789067442.781741930,2190, 23.09, 92
1789067444.841166132,2190, 22.93, 81
1789067446.889167138,2190, 23.00, 89
1789067448.939405260,2190, 23.06, 94
1789067450.997537093,2190, 23.26, 94
1789067453.048245579,2190, 23.02, 92
1789067455.097592178,2190, 23.28, 90
1789067457.152900990,2190, 23.24, 93
1789067459.202282211,2190, 23.36, 91
1789067461.258499675,2190, 23.27, 92
1789067463.308783036,2190, 23.28, 92
1789067465.356345543,2190, 23.15, 89
1789067467.408205723,2190, 23.41, 90
1789067469.466249914,2190, 23.49, 89
1789067471.517174781,2190, 18.86, 93
1789067473.560316121,2190, 18.23, 93
1789067475.597730557,2190, 18.19, 93
1789067477.639767639,2190, 18.12, 94
1789067479.681365391,2190, 18.39, 93
1789067481.716443717,2190, 18.33, 92
1789067483.753903682,2190, 18.22, 93
1789067485.792058322,2190, 18.23, 92
1789067487.827154437,2190, 18.14, 96
1789067489.864724605,2190, 17.75, 93
1789067491.910581533,2190, 18.12, 93
1789067493.952250632,2190, 18.18, 96
1789067495.999737118,2190, 18.23, 94
1789067498.051168192,2190, 18.03, 96
1789067500.086412679,2190, 18.03, 93
1789067502.121674151,2190, 17.88, 93
1789067504.165503325,2190, 22.98, 81
1789067506.219152288,2190, 23.46, 90
1789067508.277461800,2190, 23.04, 92
1789067510.339470540,2190, 23.30, 90
1789067512.398208994,2190, 23.42, 90
1789067514.456272965,2190, 23.38, 89
1789067516.502169468,2190, 23.29, 89
1789067518.556669017,2190, 23.33, 90
1789067520.617897804,2190, 23.33, 91
1789067522.666892834,2190, 23.40, 87
1789067524.716390459,2190, 23.17, 90
1789067526.770459977,2190, 23.20, 88
1789067528.830453201,2190, 23.27, 90
1789067530.881889760,2190, 23.25, 94
1789067532.933921730,2190, 23.34, 88
1789067534.989944012,2190, 22.52, 92
1789067537.033863126,2190, 18.59, 95
1789067539.074579118,2190, 18.39, 93
1789067541.110285455,2190, 17.87, 95
1789067543.156990390,2190, 18.09, 93
1789067545.194685539,2190, 18.05, 93
1789067547.230886113,2190, 17.94, 93
1789067549.264518197,2190, 18.40, 93
1789067551.299635700,2190, 18.09, 94
1789067553.336366363,2190, 17.85, 93
1789067555.375784211,2190, 18.04, 94
1789067557.416745349,2190, 18.09, 92
1789067559.460866484,2190, 17.85, 94
1789067561.492733646,2190, 18.35, 96
1789067563.527550856,2190, 18.09, 96
1789067565.568456489,2190, 17.81, 90
1789067567.613402658,2190, 20.55, 93
1789067569.665582699,2190, 23.31, 89
1789067571.713988226,2190, 23.47, 92
1789067573.767485017,2190, 23.61, 94
1789067575.822344233,2190, 23.58, 94
1789067577.874264930,2190, 23.68, 91
1789067579.923324450,2190, 23.53, 91
1789067581.972131063,2190, 23.66, 91
1789067584.027397825,2190, 23.48, 90
1789067586.089889885,2190, 23.59, 91
1789067588.143358954,2190, 23.44, 92
1789067590.195326387,2190, 23.56, 90
1789067592.240151361,2190, 23.49, 91
1789067594.302519159,2190, 23.51, 93
1789067596.352762739,2190, 23.52, 94
1789067598.401842681,2190, 23.56, 87
1789067600.450437556,2190, 18.35, 95
1789067602.491363173,2190, 18.42, 94
1789067604.532436741,2190, 18.24, 93
1789067606.569978735,2190, 18.38, 95
1789067608.605810293,2190, 18.21, 82
1789067610.642233655,2190, 18.84, 96
1789067612.684979408,2190, 18.05, 93
1789067614.726363058,2190, 18.12, 95
1789067616.761066065,2190, 17.91, 94
1789067618.797009736,2190, 18.07, 94
1789067620.835043777,2190, 18.12, 94
1789067622.877890570,2190, 18.05, 95
1789067624.919901416,2190, 18.34, 94
1789067626.967871711,2190, 18.45, 93
1789067629.012993736,2190, 18.40, 95
1789067631.051225151,2190, 18.22, 93
1789067633.089689955,2190, 23.39, 92
1789067635.151224112,2190, 23.40, 91
1789067637.204320867,2190, 23.41, 86
1789067639.250321971,2190, 23.40, 91
1789067641.311648976,2190, 23.35, 92
1789067643.362122353,2190, 23.56, 91
1789067645.413758074,2190, 23.61, 91
1789067647.466567195,2190, 21.49, 88
1789067649.515060757,2190, 23.66, 91
1789067651.573222001,2190, 23.55, 90
1789067653.628558972,2190, 23.65, 91
1789067655.686844756,2190, 23.55, 90
1789067657.743895537,2190, 23.76, 92
1789067659.790605375,2190, 23.62, 93
1789067661.843738706,2190, 23.68, 91
1789067663.902200592,2190, 23.27, 91
1789067665.945101023,2190, 18.60, 94
1789067667.986940515,2190, 18.03, 93
1789067670.031860096,2190, 18.52, 94
1789067672.092583783,2190, 18.25, 92
1789067674.132621101,2190, 17.90, 93
1789067676.170086400,2190, 18.16, 93
1789067678.206121113,2190, 18.10, 96
1789067680.243287219,2190, 18.18, 96
1789067682.280093802,2190, 18.11, 94
1789067684.315023791,2190, 18.31, 93
1789067686.356199449,2190, 18.27, 96
1789067688.395376155,2190, 18.44, 87
1789067690.448398484,2190, 17.59, 92
1789067692.492445137,2190, 18.27, 92
1789067694.532713440,2190, 18.44, 93
1789067696.572541566,2190, 22.09, 92
1789067698.625746054,2190, 23.40, 87
1789067700.678729787,2190, 23.49, 94
1789067702.737565448,2190, 23.52, 93
1789067704.795481526,2190, 23.43, 92
1789067706.857337704,2190, 23.57, 93
1789067708.908359703,2190, 23.25, 94
1789067710.966655158,2190, 23.48, 90
1789067713.018684837,2190, 23.53, 93
1789067715.064974386,2190, 23.50, 90
1789067717.118697757,2190, 23.74, 91
1789067719.169731139,2190, 23.48, 84
1789067721.222747464,2190, 23.48, 93
1789067723.280957129,2190, 23.70, 91
1789067725.335195132,2190, 23.68, 93
1789067727.395887779,2190, 23.74, 90
1789067729.449631821,2190, 18.44, 95
1789067731.492051989,2190, 18.31, 93
1789067733.534641109,2190, 18.26, 96
1789067735.577281518,2190, 18.28, 93
1789067737.613689910,2190, 18.06, 96
1789067739.649622666,2190, 18.25, 94
1789067741.687009663,2190, 18.11, 93
1789067743.719878935,2190, 17.93, 94
1789067745.759455329,2190, 17.87, 96
1789067747.798674278,2190, 18.03, 96
1789067749.830665534,2190, 18.30, 93
1789067751.866897302,2190, 18.15, 93
1789067753.905449897,2190, 17.92, 96
1789067755.937151452,2190, 18.10, 94
1789067757.976735994,2190, 18.25, 93
1789067760.021824338,2190, 18.25, 93
1789067762.083384372,2190, 23.20, 82
1789067764.139397918,2190, 23.21, 93
1789067766.201031664,2190, 23.48, 90
1789067768.253052786,2190, 23.59, 93
1789067770.308702168,2190, 23.65, 93
1789067772.364577668,2190, 23.55, 90
1789067774.424909504,2190, 23.43, 88
1789067776.478592329,2190, 23.65, 91
1789067778.530744706,2190, 23.64, 92
1789067780.590604344,2190, 23.10, 93
1789067782.646985401,2190, 23.58, 93
1789067784.703285970,2190, 23.42, 91
1789067786.754644655,2190, 23.61, 91
1789067788.807762649,2190, 23.62, 93
1789067790.861242440,2190, 23.20, 92
1789067792.922710658,2190, 20.84, 94
1789067794.960778869,2190, 18.29, 93
1789067797.002123165,2190, 18.37, 93
1789067799.043985528,2190, 18.58, 95
1789067801.086026970,2190, 18.17, 93
1789067803.120373916,2190, 18.52, 94
1789067805.157454885,2190, 18.21, 94
1789067807.199732072,2190, 18.16, 94
1789067809.235240502,2190, 18.33, 93
1789067811.279791176,2190, 18.21, 94
1789067813.326058104,2190, 18.33, 95
1789067815.360720733,2190, 18.22, 94
1789067817.402842207,2190, 18.21, 95
1789067819.436819730,2190, 18.26, 92
1789067821.477975845,2190, 18.26, 93
1789067823.509208339,2190, 18.03, 94
1789067825.542290012,2190, 23.63, 91
1789067827.595822172,2190, 23.60, 91
1789067829.648466455,2190, 23.44, 91
1789067831.706942361,2190, 23.73, 90
1789067833.757861688,2190, 23.67, 92
1789067835.804589011,2190, 23.55, 92
1789067837.866839776,2190, 23.82, 91
1789067839.922299879,2190, 23.86, 91
1789067841.982419546,2190, 24.01, 93
1789067844.037195599,2190, 23.76, 90
1789067846.091811386,2190, 23.74, 93
1789067848.169007363,2190, 23.79, 93
1789067850.233436212,2190, 23.82, 93
1789067852.292603734,2190, 23.61, 93
1789067854.343203305,2190, 23.55, 80
1789067856.393045364,2190, 23.57, 93
1789067858.428808560,2190, 18.98, 93
1789067860.468266554,2190, 18.64, 96
1789067862.509376447,2190, 18.94, 92
1789067864.545497202,2190, 18.55, 93
1789067866.582617043,2190, 15.37, 0
1789067868.610769799,2197, 11.66, 0
1789067870.639766297,2190, 11.52, 0
1789067872.674522898,2190, 11.48, 0
1789067874.710537224,2190, 10.33, 0
1789067876.745621076,2190, 10.33, 0
1789067878.776522537,2190, 10.23, 0
1789067880.807006067,2190, 10.22, 0
1789067882.837582928,2190, 10.19, 0
1789067884.868051472,2190, 10.13, 0
1789067886.897740759,2190, 10.10, 0
1789067888.928542589,2190, 10.10, 0
1789067890.958780344,2190, 10.09, 0
1789067892.994298762,2190, 10.02, 0
1789067895.027582219,2197, 9.97, 0
1789067897.058158749,2190, 10.01, 0
1789067899.092540030,2197, 9.90, 0
1789067901.123706945,2197, 9.82, 0
1789067903.157247658,2190, 9.81, 0
1789067905.187849573,2190, 9.71, 0
1789067907.219274478,2190, 10.85, 0
1789067909.249058801,2190, 10.80, 0
1789067911.283710205,2197, 10.82, 0
1789067913.312525465,2197, 10.73, 0
1789067915.341421862,2197, 10.79, 0
1789067917.370558435,2190, 9.63, 0
1789067919.402579492,2197, 9.62, 0
1789067921.437530153,2190, 9.60, 0
1789067923.472624030,2190, 9.63, 0
1789067925.504734115,2190, 9.61, 0
1789067927.534654437,2197, 9.56, 0
1789067929.566309696,2190, 9.55, 0
1789067931.594490941,2190, 9.55, 0
1789067933.624882642,2190, 9.54, 0
1789067935.654926873,2190, 9.46, 0
1789067937.684339459,2190, 9.47, 0
1789067939.713972045,2190, 9.56, 0
1789067941.749592395,2190, 9.54, 0
1789067943.777457791,2197, 9.52, 0
1789067945.809718416,2190, 9.45, 0
1789067947.839801755,2190, 9.50, 0
1789067949.870491796,2190, 10.57, 0
1789067951.904312495,2190, 10.54, 0
1789067953.938769464,2190, 10.55, 0
1789067955.973244113,2190, 10.56, 0
1789067958.006292514,2190, 10.56, 0
1789067960.040360765,2190, 9.46, 0
1789067962.074170076,2190, 9.51, 0
1789067964.115521751,2190, 9.48, 0
1789067966.152579141,2190, 9.52, 0
1789067968.182313623,2190, 9.49, 0
1789067970.211739178,2190, 9.48, 0
1789067972.242259031,2190, 9.48, 0
1789067974.272788005,2190, 9.45, 0
1789067976.304730076,2190, 9.45, 0
1789067978.334556956,2190, 9.43, 0
1789067980.364513468,2190, 9.48, 0
1789067982.395007144,2190, 9.45, 0
1789067984.430026176,2190, 9.42, 0
1789067986.459080994,2190, 9.43, 0
1789067988.493443116,2197, 9.40, 0
1789067990.528903296,2190, 9.47, 0
1789067992.558336112,2190, 10.42, 0
1789067994.590950976,2197, 10.50, 0
1789067996.619549970,2197, 10.48, 0
1789067998.650304777,2190, 10.49, 0
1789068000.684658495,2190, 10.28, 0
1789068002.721109881,2190, 9.34, 0
1789068004.756628871,2190, 9.39, 0
1789068006.786754125,2190, 9.38, 0
1789068008.819579429,2190, 9.36, 0
1789068010.854739762,2190, 9.41, 0
1789068012.891875796,2190, 9.37, 0
1789068014.922378484,2190, 9.29, 0
1789068016.958657752,2190, 9.38, 0
1789068018.995473928,2190, 9.42, 0
1789068021.032364375,2197, 9.38, 0
1789068023.064648842,2190, 9.44, 0
1789068025.098066838,2190, 9.43, 0
1789068027.129417913,2190, 9.29, 0
1789068029.160608635,2190, 9.31, 0
1789068031.191399790,2190, 9.32, 0
1789068033.221800993,2190, 9.61, 0
1789068035.257610089,2190, 10.35, 0
1789068037.291623031,2190, 10.36, 0
1789068039.327216925,2190, 10.31, 0
1789068041.360728074,2190, 10.31, 0
1789068043.395210432,2190, 10.00, 0
1789068045.426269587,2190, 9.23, 0
1789068047.457125877,2190, 9.25, 0
1789068049.488964001,2190, 9.27, 0
1789068051.517422185,2190, 9.26, 0
1789068053.548424756,2190, 9.28, 0
1789068055.579573132,2190, 9.32, 0
1789068057.614439441,2190, 9.30, 0
1789068059.650701453,2190, 9.20, 0
1789068061.685395871,2190, 9.29, 0
1789068063.721751445,2190, 9.24, 0
1789068065.758592759,2197, 9.26, 0
1789068067.795426374,2190, 9.28, 0
1789068069.831758004,2197, 9.25, 0
1789068071.867503729,2190, 9.21, 0
1789068073.897988979,2190, 9.25, 0
1789068075.928692834,2190, 9.75, 0
1789068077.963429084,2197, 10.32, 0
1789068079.997542966,2190, 10.33, 0
1789068082.031975228,2190, 10.25, 0
1789068084.067907416,2190, 10.29, 0
1789068086.102980596,2190, 9.69, 0
1789068088.156344144,2190, 9.28, 0
1789068090.189097329,2190, 9.25, 0
1789068092.223062490,2190, 9.26, 0
1789068094.255353894,2190, 9.15, 0
1789068096.287757612,2190, 9.19, 0
1789068098.320317391,2190, 9.18, 0
1789068100.350161819,2190, 9.19, 0
1789068102.379904562,2190, 9.23, 0
1789068104.414841055,2190, 9.20, 0
1789068106.448519488,2190, 9.24, 0
1789068108.481382209,2190, 9.25, 0
1789068110.516178757,2190, 9.23, 0
1789068112.549731114,2190, 9.16, 0
1789068114.582082865,2190, 9.17, 0
1789068116.609313224,2190, 9.19, 0
1789068118.638199477,2190, 9.78, 0
1789068120.669925091,2190, 10.24, 0
1789068122.698846184,2190, 10.24, 0
1789068124.729379074,2197, 10.20, 0
1789068126.759081212,2190, 10.22, 0
1789068128.793322350,2190, 9.42, 0
1789068130.825657891,2190, 9.16, 0
1789068132.856225068,2190, 9.18, 0
1789068134.885855380,2190, 9.21, 0
1789068136.915845735,2190, 9.15, 0
1789068138.945567079,2190, 9.13, 0
1789068140.978902210,2190, 9.14, 0
1789068143.008963655,2197, 9.17, 0
1789068145.042982040,2190, 21.48, 96
1789068147.096814049,2190, 28.19, 90
1789068149.145491819,2190, 22.03, 88
1789068151.196312328,2190, 32.86, 96
1789068153.247275632,2190, 22.31, 92
1789068155.306662944,2190, 24.45, 96
1789068157.367553334,2190, 30.37, 93
1789068159.416854775,2190, 22.35, 93
1789068161.469302230,2190, 22.72, 96
1789068163.508179032,2190, 21.03, 96
1789068165.541265228,2190, 17.49, 95
1789068167.572422068,2190, 17.38, 93
1789068169.606505370,2190, 17.22, 96
1789068171.640111901,2190, 20.46, 96
1789068173.685132061,2190, 20.51, 96
1789068175.721857209,2190, 20.47, 96
1789068177.760534936,2190, 20.12, 96
1789068179.798229462,2190, 22.03, 96
1789068181.837416856,2190, 17.13, 95
1789068183.882794028,2190, 17.38, 96
1789068185.927425294,2190, 17.33, 93
1789068187.965970034,2190, 22.40, 96
1789068190.005686269,2190, 21.29, 96
1789068192.042436286,2190, 18.88, 93
1789068194.075632440,2190, 23.20, 91
1789068196.128642973,2190, 33.52, 96
1789068198.204866831,2190, 23.65, 84
1789068200.256009264,2190, 22.22, 60
1789068202.295949577,2190, 33.59, 96
1789068204.352363002,2190, 23.20, 93
1789068206.403740681,2190, 22.38, 87
1789068208.454263302,2190, 23.87, 78
1789068210.518135560,2190, 24.26, 78
1789068212.589050905,2190, 24.13, 94
1789068214.646381130,2190, 24.47, 89
1789068216.699360310,2190, 9.96, 0
1789068218.729990260,2190, 9.87, 0
1789068220.760857355,2190, 9.79, 0
1789068222.791965962,2190, 9.74, 0
1789068224.821417723,2190, 9.67, 0
1789068226.850886678,2190, 10.76, 0
1789068228.882403154,2190, 10.75, 0
1789068230.915108291,2190, 10.70, 0
1789068232.944262619,2197, 10.68, 0
1789068234.974557897,2190, 10.57, 0
1789068237.012093956,2190, 9.59, 0
1789068239.042999876,2190, 9.55, 0
1789068241.073748684,2190, 9.54, 0
1789068243.104788957,2190, 9.54, 0
1789068245.134558621,2190, 9.50, 0
1789068247.165258546,2190, 9.45, 0
1789068249.195083891,2190, 9.43, 0
1789068251.225016701,2190, 9.39, 0
1789068253.255610703,2190, 9.40, 0
1789068255.283892210,2190, 9.36, 0
1789068257.314219079,2190, 9.44, 0
1789068259.348136948,2190, 9.31, 0
1789068261.382912153,2190, 9.37, 0
1789068263.416758602,2190, 9.44, 0
1789068265.451112019,2190, 9.36, 0
1789068267.484642424,2190, 9.81, 0
1789068269.517651177,2190, 10.42, 0
1789068271.547414958,2190, 10.42, 0
1789068273.577943610,2190, 10.43, 0
1789068275.608925372,2197, 10.35, 0
1789068277.641735185,2197, 9.72, 0
1789068279.671536921,2190, 9.28, 0
1789068281.701866649,2190, 9.21, 0
1789068283.731954242,2190, 9.32, 0
1789068285.762502226,2190, 9.32, 0
1789068287.792299133,2197, 9.25, 0
1789068289.827003423,2190, 9.25, 0
1789068291.856739037,2190, 9.30, 0
1789068293.887561566,2190, 9.31, 0
1789068295.919498403,2190, 9.31, 0
1789068297.948375580,2190, 9.22, 0
1789068299.979857730,2190, 9.27, 0
1789068302.009959207,2190, 9.25, 0
1789068304.040369604,2190, 9.27, 0
1789068306.070322379,2190, 9.27, 0
1789068308.101048391,2190, 9.23, 0
1789068310.131269454,2190, 9.86, 0
1789068312.160779296,2190, 10.27, 0
1789068314.211399194,2190, 10.29, 0
1789068316.245159243,2190, 10.29, 0
1789068318.279023669,2190, 10.32, 0
1789068320.312517849,2190, 9.52, 0
1789068322.342533874,2190, 9.23, 0
1789068324.373165231,2190, 9.18, 0
1789068326.402753786,2190, 9.24, 0
1789068328.434423126,2190, 9.22, 0
1789068330.466523286,2190, 9.22, 0
1789068332.497501732,2190, 9.21, 0
1789068334.529146454,2190, 9.16, 0
1789068336.557966315,2190, 9.16, 0
1789068338.594375339,2190, 9.19, 0
1789068340.629145097,2190, 9.19, 0
1789068342.663868719,2190, 9.18, 0
1789068344.699717608,2190, 9.15, 0
1789068346.735015435,2190, 9.24, 0
1789068348.765491463,2190, 9.19, 0
1789068350.796352905,2190, 9.24, 0
1789068352.828717886,2190, 10.12, 0
1789068354.857811654,2190, 10.22, 0
1789068356.887286805,2190, 10.22, 0
1789068358.916802507,2190, 10.28, 0
1789068360.951657781,2190, 10.25, 0
1789068362.981598488,2190, 9.18, 0
1789068365.013304732,2190, 9.15, 0
1789068367.044613898,2190, 9.13, 0
1789068369.076444989,2190, 9.20, 0
1789068371.107465034,2190, 9.16, 0
1789068373.138728685,2190, 9.17, 0
1789068375.171166115,2190, 9.20, 0
1789068377.201613624,2190, 9.14, 0
1789068379.235912326,2190, 9.12, 0
1789068381.271760262,2190, 9.04, 0
1789068383.307677660,2190, 9.01, 0
1789068385.338913915,2190, 9.02, 0
1789068387.370022050,2190, 9.02, 0
1789068389.401637021,2190, 9.01, 0
1789068391.432684882,2190, 8.93, 0
1789068393.463643855,2190, 8.96, 0
1789068395.493663941,2190, 10.07, 0
1789068397.524323248,2190, 10.07, 0
1789068399.553487463,2190, 10.05, 0
1789068401.582110664,2190, 9.99, 0
1789068403.611707195,2190, 10.04, 0
1789068405.643376046,2190, 8.95, 0
1789068407.676350467,2190, 9.01, 0
1789068409.705425518,2190, 8.92, 0
1789068411.740264074,2190, 8.95, 0
1789068413.774733806,2190, 8.97, 0
1789068415.810139893,2190, 9.00, 0
1789068417.839696777,2190, 8.91, 0
1789068419.870920956,2190, 8.93, 0
1789068421.901799000,2190, 8.93, 0
1789068423.932863114,2190, 8.91, 0
1789068425.963466004,2190, 8.91, 0
1789068427.995197378,2190, 9.01, 0
1789068430.027302002,2190, 8.92, 0
1789068432.056958068,2190, 8.95, 0
1789068434.092556725,2190, 8.91, 0
1789068436.120218265,2190, 9.15, 0
1789068438.150461019,2190, 9.99, 0
1789068440.181473729,2190, 10.05, 0
1789068442.241827174,2190, 10.11, 0
1789068444.279439441,2190, 10.06, 0
1789068446.310984872,2190, 9.63, 0
1789068448.341473418,2190, 9.03, 0
1789068450.372338049,2190, 9.02, 0
1789068452.402354047,2190, 9.08, 0
1789068454.432573972,2190, 9.02, 0
1789068456.464625288,2190, 9.00, 0
1789068458.495319384,2190, 9.10, 0
1789068460.525495183,2190, 9.03, 0
1789068462.556925000,2190, 9.08, 0
1789068464.586833932,2190, 9.01, 0
1789068466.621619207,2190, 8.96, 0
1789068468.652580036,2197, 9.02, 0
1789068470.683429144,2190, 9.04, 0
1789068472.712868119,2190, 9.04, 0
1789068474.748528886,2190, 8.99, 0
1789068476.782341105,2190, 9.03, 0
1789068478.812297200,2190, 9.99, 0
1789068480.842766450,2190, 10.05, 0
1789068482.874914085,2190, 10.08, 0
1789068484.906323633,2190, 10.07, 0
1789068486.936202215,2190, 10.02, 0
1789068488.968506251,2190, 8.98, 0
1789068490.999025387,2197, 8.94, 0
1789068493.029783232,2190, 8.97, 0
1789068495.061690903,2190, 8.93, 0
1789068497.091895802,2190, 8.94, 0
1789068499.122551217,2190, 8.95, 0
1789068501.154139883,2190, 8.96, 0
1789068503.184817229,2190, 9.00, 0
1789068505.218388874,2190, 9.00, 0
1789068507.252357469,2197, 9.03, 0
1789068509.285123897,2190, 9.05, 0
1789068511.319540741,2190, 9.00, 0
1789068513.349808773,2190, 8.94, 0
1789068515.381461989,2190, 8.97, 0
1789068517.413384970,2190, 8.98, 0
1789068519.444823302,2190, 9.01, 0
1789068521.476668613,2190, 9.97, 0
1789068523.511913423,2190, 10.04, 0
1789068525.546113137,2197, 9.99, 0
1789068527.581473558,2190, 9.98, 0
1789068529.616517136,2190, 10.04, 0
1789068531.648212428,2190, 8.94, 0
1789068533.680382138,2190, 8.93, 0
1789068535.712699438,2197, 8.90, 0
1789068537.744969543,2190, 8.91, 0
1789068539.779730109,2190, 8.95, 0
1789068541.811592626,2190, 8.92, 0
1789068543.842089585,2190, 8.94, 0
1789068545.874143728,2190, 8.98, 0
1789068547.905124856,2190, 8.97, 0
1789068549.936410068,2197, 8.96, 0
1789068551.967631221,2190, 8.89, 0
1789068553.998043613,2190, 8.81, 0
1789068556.029236681,2190, 8.85, 0
1789068558.060260633,2190, 8.89, 0
1789068560.091019809,2190, 8.83, 0
1789068562.122418443,2190, 8.86, 0
1789068564.151532258,2190, 9.94, 0
1789068566.185057167,2190, 10.04, 0
1789068568.220179164,2190, 9.95, 0
1789068570.273140098,2190, 10.02, 0
1789068572.306337919,2190, 10.02, 0
1789068574.339175763,2190, 9.00, 0
1789068576.368729494,2190, 8.93, 0
1789068578.398069343,2190, 8.97, 0
1789068580.428524824,2190, 8.96, 0
1789068582.459629973,2190, 9.02, 0
1789068584.489947002,2190, 8.99, 0
1789068586.525004867,2190, 8.97, 0
1789068588.560116689,2190, 8.98, 0
1789068590.595522850,2190, 8.98, 0
1789068592.629254079,2190, 8.93, 0
1789068594.660674566,2190, 8.89, 0
1789068596.690926231,2190, 8.95, 0
1789068598.719675440,2190, 8.91, 0
1789068600.750736424,2190, 8.93, 0
1789068602.780516455,2190, 8.98, 0
1789068604.814616172,2190, 8.99, 0
1789068606.844192615,2190, 10.01, 0
1789068608.877424234,2190, 10.03, 0
1789068610.911789374,2190, 10.05, 0
1789068612.945211609,2197, 10.05, 0
1789068614.978794425,2197, 9.92, 0
1789068617.013089307,2190, 9.03, 0
1789068619.044005260,2190, 8.98, 0
1789068621.075763886,2190, 9.02, 0
1789068623.106285673,2190, 9.02, 0
1789068625.136433579,2190, 9.00, 0
1789068627.166962673,2190, 8.99, 0
1789068629.202350794,2190, 8.93, 0
1789068631.236697451,2190, 8.97, 0
1789068633.266649198,2190, 8.93, 0
1789068635.297725651,2190, 8.92, 0
1789068637.329734169,2190, 8.84, 0
1789068639.360846775,2190, 8.88, 0
1789068641.391895801,2190, 8.89, 0
1789068643.422496865,2190, 8.91, 0
1789068645.453216908,2190, 8.90, 0
1789068647.483829692,2190, 9.01, 0
1789068649.519421808,2190, 9.98, 0
1789068651.551442516,2190, 10.02, 0
1789068653.586694082,2190, 9.98, 0
1789068655.621676964,2190, 10.05, 0
1789068657.656891466,2190, 9.63, 0
1789068659.691174408,2190, 9.00, 0
1789068661.726795141,2190, 9.02, 0
1789068663.759218850,2190, 8.93, 0
1789068665.794589561,2190, 9.02, 0
1789068667.829448582,2190, 9.01, 0
1789068669.860308867,2190, 9.01, 0
1789068671.891455907,2190, 9.02, 0
1789068673.921752665,2190, 8.97, 0
1789068675.950849688,2190, 8.96, 0
1789068677.980319611,2190, 9.01, 0
1789068680.010192624,2190, 9.01, 0
1789068682.043413069,2190, 8.97, 0
1789068684.074060984,2190, 8.98, 0
1789068686.103116458,2190, 9.03, 0
1789068688.133566621,2190, 8.95, 0
1789068690.167143738,2190, 9.31, 0
1789068692.200259819,2190, 10.10, 0
1789068694.231542423,2190, 10.07, 0
1789068696.283157957,2190, 10.01, 0
1789068698.317148208,2190, 10.12, 0
1789068700.349380980,2190, 9.64, 0
1789068702.383443574,2190, 9.04, 0
1789068704.416103169,2190, 8.99, 0
